{"schemaVersion":"1.0","appDefinitionTemplate":{"id":"/providers/Microsoft.PowerApps/apps/","type":"Microsoft.PowerApps/apps","tags":{"primaryDeviceWidth":"1919","primaryDeviceHeight":"844","supportsPortrait":"true","supportsLandscape":"true","primaryFormFactor":"Tablet","publisherVersion":"3.22102.19","minimumRequiredApiVersion":"2.2.0","hasComponent":"false","hasUnlockedComponent":"false","isUnifiedRootApp":"false","sienaVersion":"20221021T225218Z-3.22102.19.0"},"properties":{"appVersion":"2022-10-21T22:52:18Z","lifeCycleId":"Published","createdByClientVersion":{"major":3,"minor":22102,"build":19,"revision":0,"majorRevision":0,"minorRevision":0},"minClientVersion":{"major":3,"minor":22102,"build":19,"revision":0,"majorRevision":0,"minorRevision":0},"backgroundColor":"RGBA(0,176,240,1)","backgroundImageUri":"/6198135232171883733/N08cf9021-f646-4cd1-9c3b-81d5312b0ca4-logoSmallFile","displayName":"smart-home-app","description":"","commitMessage":"","appUris":{"documentUri":{"value":"/6198135232171883733/N1d494b50-8bd9-415a-8351-3f753ea7b9f8-document.msapp"},"imageUris":[],"additionalUris":[]},"createdTime":"0001-01-01T00:00:00Z","lastModifiedTime":"0001-01-01T00:00:00Z","sharedGroupsCount":0,"sharedUsersCount":0,"icons":{"smallIconUri":"/6198135232171883733/N0f10fd48-a530-4413-bc15-6036e4a0cf57-small.png","mediumIconUri":"/6198135232171883733/N0b048a00-7b08-42f6-adcb-e41845f1a463-medium.png","largeIconUri":"/6198135232171883733/N40b7cfc3-73d8-4cee-9737-4b1d8da3dbcf-large.png","wideIconUri":"/6198135232171883733/Na1ce2417-6b02-485f-8395-f06facf230f7-wide.png"},"connectionReferences":{},"databaseReferences":{},"almMode":"Environment","performanceOptimizationEnabled":true,"canConsumeAppPass":true,"enableModernRuntimeMode":false,"executionRestrictions":{"isTeamsOnly":false,"dataLossPreventionEvaluationResult":{"status":"Compliant","lastEvaluationDate":"2022-10-18T16:38:35.3906899Z","violations":[],"violationsByPolicy":[],"violationErrorMessage":"The app uses the following connectors: ."}}},"appType":"ClassicCanvasApp","appComponents":[]}}